{
  "ID": {
    "type": "numeric",
    "stats": {
      "mean": 15000.5,
      "std": 8660.398374208891,
      "min": 1.0,
      "max": 30000.0,
      "p25": 7500.75,
      "p50": 15000.5,
      "p75": 22500.25,
      "count": 30000
    }
  },
  "LIMIT_BAL": {
    "type": "numeric",
    "stats": {
      "mean": 167484.32266666667,
      "std": 129747.66156720239,
      "min": 10000.0,
      "max": 1000000.0,
      "p25": 50000.0,
      "p50": 140000.0,
      "p75": 240000.0,
      "count": 30000
    }
  },
  "SEX": {
    "type": "numeric",
    "stats": {
      "mean": 1.6037333333333332,
      "std": 0.48912919609026045,
      "min": 1.0,
      "max": 2.0,
      "p25": 1.0,
      "p50": 2.0,
      "p75": 2.0,
      "count": 30000
    }
  },
  "EDUCATION": {
    "type": "numeric",
    "stats": {
      "mean": 1.8531333333333333,
      "std": 0.7903486597207291,
      "min": 0.0,
      "max": 6.0,
      "p25": 1.0,
      "p50": 2.0,
      "p75": 2.0,
      "count": 30000
    }
  },
  "MARRIAGE": {
    "type": "numeric",
    "stats": {
      "mean": 1.5518666666666667,
      "std": 0.5219696006132487,
      "min": 0.0,
      "max": 3.0,
      "p25": 1.0,
      "p50": 2.0,
      "p75": 2.0,
      "count": 30000
    }
  },
  "AGE": {
    "type": "numeric",
    "stats": {
      "mean": 35.4855,
      "std": 9.217904068090188,
      "min": 21.0,
      "max": 79.0,
      "p25": 28.0,
      "p50": 34.0,
      "p75": 41.0,
      "count": 30000
    }
  },
  "PAY_0": {
    "type": "numeric",
    "stats": {
      "mean": -0.0167,
      "std": 1.1238015279973348,
      "min": -2.0,
      "max": 8.0,
      "p25": -1.0,
      "p50": 0.0,
      "p75": 0.0,
      "count": 30000
    }
  },
  "PAY_2": {
    "type": "numeric",
    "stats": {
      "mean": -0.13376666666666667,
      "std": 1.1971859730345533,
      "min": -2.0,
      "max": 8.0,
      "p25": -1.0,
      "p50": 0.0,
      "p75": 0.0,
      "count": 30000
    }
  },
  "PAY_3": {
    "type": "numeric",
    "stats": {
      "mean": -0.1662,
      "std": 1.1968675684465735,
      "min": -2.0,
      "max": 8.0,
      "p25": -1.0,
      "p50": 0.0,
      "p75": 0.0,
      "count": 30000
    }
  },
  "PAY_4": {
    "type": "numeric",
    "stats": {
      "mean": -0.22066666666666668,
      "std": 1.1691386224023375,
      "min": -2.0,
      "max": 8.0,
      "p25": -1.0,
      "p50": 0.0,
      "p75": 0.0,
      "count": 30000
    }
  },
  "PAY_5": {
    "type": "numeric",
    "stats": {
      "mean": -0.2662,
      "std": 1.1331874060027483,
      "min": -2.0,
      "max": 8.0,
      "p25": -1.0,
      "p50": 0.0,
      "p75": 0.0,
      "count": 30000
    }
  },
  "PAY_6": {
    "type": "numeric",
    "stats": {
      "mean": -0.2911,
      "std": 1.1499876256079027,
      "min": -2.0,
      "max": 8.0,
      "p25": -1.0,
      "p50": 0.0,
      "p75": 0.0,
      "count": 30000
    }
  },
  "BILL_AMT1": {
    "type": "numeric",
    "stats": {
      "mean": 51223.3309,
      "std": 73635.86057552956,
      "min": -165580.0,
      "max": 964511.0,
      "p25": 3558.75,
      "p50": 22381.5,
      "p75": 67091.0,
      "count": 30000
    }
  },
  "BILL_AMT2": {
    "type": "numeric",
    "stats": {
      "mean": 49179.07516666667,
      "std": 71173.76878252835,
      "min": -69777.0,
      "max": 983931.0,
      "p25": 2984.75,
      "p50": 21200.0,
      "p75": 64006.25,
      "count": 30000
    }
  },
  "BILL_AMT3": {
    "type": "numeric",
    "stats": {
      "mean": 47013.1548,
      "std": 69349.38742703684,
      "min": -157264.0,
      "max": 1664089.0,
      "p25": 2666.25,
      "p50": 20088.5,
      "p75": 60164.75,
      "count": 30000
    }
  },
  "BILL_AMT4": {
    "type": "numeric",
    "stats": {
      "mean": 43262.94896666666,
      "std": 64332.85613391631,
      "min": -170000.0,
      "max": 891586.0,
      "p25": 2326.75,
      "p50": 19052.0,
      "p75": 54506.0,
      "count": 30000
    }
  },
  "BILL_AMT5": {
    "type": "numeric",
    "stats": {
      "mean": 40311.40096666667,
      "std": 60797.15577026487,
      "min": -81334.0,
      "max": 927171.0,
      "p25": 1763.0,
      "p50": 18104.5,
      "p75": 50190.5,
      "count": 30000
    }
  },
  "BILL_AMT6": {
    "type": "numeric",
    "stats": {
      "mean": 38871.7604,
      "std": 59554.10753674573,
      "min": -339603.0,
      "max": 961664.0,
      "p25": 1256.0,
      "p50": 17071.0,
      "p75": 49198.25,
      "count": 30000
    }
  },
  "PAY_AMT1": {
    "type": "numeric",
    "stats": {
      "mean": 5663.5805,
      "std": 16563.280354025766,
      "min": 0.0,
      "max": 873552.0,
      "p25": 1000.0,
      "p50": 2100.0,
      "p75": 5006.0,
      "count": 30000
    }
  },
  "PAY_AMT2": {
    "type": "numeric",
    "stats": {
      "mean": 5921.1635,
      "std": 23040.870402057237,
      "min": 0.0,
      "max": 1684259.0,
      "p25": 833.0,
      "p50": 2009.0,
      "p75": 5000.0,
      "count": 30000
    }
  },
  "PAY_AMT3": {
    "type": "numeric",
    "stats": {
      "mean": 5225.6815,
      "std": 17606.961469803104,
      "min": 0.0,
      "max": 896040.0,
      "p25": 390.0,
      "p50": 1800.0,
      "p75": 4505.0,
      "count": 30000
    }
  },
  "PAY_AMT4": {
    "type": "numeric",
    "stats": {
      "mean": 4826.076866666666,
      "std": 15666.159744032007,
      "min": 0.0,
      "max": 621000.0,
      "p25": 296.0,
      "p50": 1500.0,
      "p75": 4013.25,
      "count": 30000
    }
  },
  "PAY_AMT5": {
    "type": "numeric",
    "stats": {
      "mean": 4799.387633333334,
      "std": 15278.30567914479,
      "min": 0.0,
      "max": 426529.0,
      "p25": 252.5,
      "p50": 1500.0,
      "p75": 4031.5,
      "count": 30000
    }
  },
  "PAY_AMT6": {
    "type": "numeric",
    "stats": {
      "mean": 5215.502566666667,
      "std": 17777.4657754353,
      "min": 0.0,
      "max": 528666.0,
      "p25": 117.75,
      "p50": 1500.0,
      "p75": 4000.0,
      "count": 30000
    }
  }
}